grid,effect,effect_size,drift,drift_rate,ab_test,ab_size,blocking,block_rate,parse_corruption,noise_sd,k,design,false_positive_rate,power_strict,power_any,misattribution_rate,abstain_rate,mechanism_accuracy,mechanism_classifiable_rate,false_positive_rate_ci95,power_strict_ci95,power_any_ci95,misattribution_rate_ci95,abstain_rate_ci95,mechanism_accuracy_ci95,mechanism_classifiable_rate_ci95,n_panels
A,discount,0.1,fast,0.05,False,0.1,none,0.0,0.0,0.005,3,D0,,0.0,0.0,0.39940000000000003,0.0,0.0,0.0,,0.0,0.0,0.00032996591875175343,0.0,0.0,0.0,200
A,discount,0.1,fast,0.05,False,0.1,none,0.0,0.0,0.005,3,D1,,0.0,0.0,0.0,0.0,0.0,0.0,,0.0,0.0,0.0,0.0,0.0,0.0,200
A,discount,0.1,fast,0.05,False,0.1,none,0.0,0.0,0.005,3,D2,,1.0,1.0,0.0,0.0,0.0,0.0,,0.0,0.0,0.0,0.0,0.0,0.0,200
A,discount,0.1,fast,0.05,False,0.1,none,0.0,0.0,0.005,3,D3,,1.0,1.0,0.0,0.0,0.0,0.0,,0.0,0.0,0.0,0.0,0.0,0.0,200
A,discount,0.1,fast,0.05,False,0.1,none,0.0,0.0,0.005,3,D4,,1.0,1.0,0.0,0.0,0.0,0.0,,0.0,0.0,0.0,0.0,0.0,0.0,200
A,discount,0.1,fast,0.05,False,0.1,none,0.0,0.0,0.005,3,D5,,1.0,1.0,0.0,0.01375,1.0,0.98625,,0.0,0.0,0.0,0.0015247912782446833,0.0,0.001524791278244685,200
A,discount,0.1,fast,0.05,False,0.1,none,0.0,0.0,0.005,3,D6,,1.0,1.0,0.0,0.01375,1.0,0.98625,,0.0,0.0,0.0,0.0015247912782446833,0.0,0.001524791278244685,200
A,discount,0.1,none,0.0,False,0.1,none,0.0,0.0,0.005,3,D0,,0.0,0.0,0.0,0.0,0.0,0.0,,0.0,0.0,0.0,0.0,0.0,0.0,200
A,discount,0.1,none,0.0,False,0.1,none,0.0,0.0,0.005,3,D1,,0.0,0.0,0.0,0.0,0.0,0.0,,0.0,0.0,0.0,0.0,0.0,0.0,200
A,discount,0.1,none,0.0,False,0.1,none,0.0,0.0,0.005,3,D2,,1.0,1.0,0.0,0.0,0.0,0.0,,0.0,0.0,0.0,0.0,0.0,0.0,200
A,discount,0.1,none,0.0,False,0.1,none,0.0,0.0,0.005,3,D3,,1.0,1.0,0.0,0.0,0.0,0.0,,0.0,0.0,0.0,0.0,0.0,0.0,200
A,discount,0.1,none,0.0,False,0.1,none,0.0,0.0,0.005,3,D4,,1.0,1.0,0.0,0.0,0.0,0.0,,0.0,0.0,0.0,0.0,0.0,0.0,200
A,discount,0.1,none,0.0,False,0.1,none,0.0,0.0,0.005,3,D5,,1.0,1.0,0.0,0.0129,0.9999484536082474,0.9871,,0.0,0.0,0.0,0.0016356692174595456,0.00010103092783505115,0.0016356692174595475,200
A,discount,0.1,none,0.0,False,0.1,none,0.0,0.0,0.005,3,D6,,1.0,1.0,0.0,0.0129,0.9999484536082474,0.9871,,0.0,0.0,0.0,0.0016356692174595456,0.00010103092783505115,0.0016356692174595475,200
A,discount,0.1,slow,0.02,False,0.1,none,0.0,0.0,0.005,3,D0,,0.0,0.0,0.14455,0.0,0.0,0.0,,0.0,0.0,0.0027219528867318665,0.0,0.0,0.0,200
A,discount,0.1,slow,0.02,False,0.1,none,0.0,0.0,0.005,3,D1,,0.0,0.0,0.0,0.0,0.0,0.0,,0.0,0.0,0.0,0.0,0.0,0.0,200
A,discount,0.1,slow,0.02,False,0.1,none,0.0,0.0,0.005,3,D2,,1.0,1.0,0.0,0.0,0.0,0.0,,0.0,0.0,0.0,0.0,0.0,0.0,200
A,discount,0.1,slow,0.02,False,0.1,none,0.0,0.0,0.005,3,D3,,1.0,1.0,0.0,0.0,0.0,0.0,,0.0,0.0,0.0,0.0,0.0,0.0,200
A,discount,0.1,slow,0.02,False,0.1,none,0.0,0.0,0.005,3,D4,,1.0,1.0,0.0,0.0,0.0,0.0,,0.0,0.0,0.0,0.0,0.0,0.0,200
A,discount,0.1,slow,0.02,False,0.1,none,0.0,0.0,0.005,3,D5,,1.0,1.0,0.0,0.0127,1.0,0.9873000000000001,,0.0,0.0,0.0,0.001501009938065319,0.0,0.0015010099380653224,200
A,discount,0.1,slow,0.02,False,0.1,none,0.0,0.0,0.005,3,D6,,1.0,1.0,0.0,0.0127,1.0,0.9873000000000001,,0.0,0.0,0.0,0.001501009938065319,0.0,0.0015010099380653224,200
A,discount,0.1,step,0.15,False,0.1,none,0.0,0.0,0.005,3,D0,,0.0,0.0,0.9734999999999999,0.0,0.0,0.0,,0.0,0.0,0.0033884162707850125,0.0,0.0,0.0,200
A,discount,0.1,step,0.15,False,0.1,none,0.0,0.0,0.005,3,D1,,0.0,0.00015,0.83845,0.0,0.0,0.0,,0.0,0.00016888585541958217,0.004799185104613251,0.0,0.0,0.0,200
A,discount,0.1,step,0.15,False,0.1,none,0.0,0.0,0.005,3,D2,,0.02025,0.5603,0.96855,0.0,0.0,0.0,,0.0019670664074342486,0.006949689070084667,0.0024439253333880476,0.0,0.0,0.0,200
A,discount,0.1,step,0.15,False,0.1,none,0.0,0.0,0.005,3,D3,,0.02025,0.56165,0.96855,0.0,0.0,0.0,,0.0019670664074342486,0.006928640016800702,0.0024439253333880476,0.0,0.0,0.0,200
A,discount,0.1,step,0.15,False,0.1,none,0.0,0.0,0.005,3,D4,,0.0049499999999999995,0.5154,0.9840000000000001,0.0,0.0,0.0,,0.0009824346641618125,0.006985609811763829,0.0017073321043583945,0.0,0.0,0.0,200
A,discount,0.1,step,0.15,False,0.1,none,0.0,0.0,0.005,3,D5,,,,,1.0,,0.0,,,,,0.0,,0.0,200
A,discount,0.1,step,0.15,False,0.1,none,0.0,0.0,0.005,3,D6,,,,,1.0,,0.0,,,,,0.0,,0.0,200
A,none,0.1,fast,0.05,False,0.1,none,0.0,0.0,0.005,3,D0,0.38925000000000004,,,,0.0,0.0,0.0,0.00138200622503307,,,,0.0,0.0,0.0,200
A,none,0.1,fast,0.05,False,0.1,none,0.0,0.0,0.005,3,D1,0.0,,,,0.0,0.0,0.0,0.0,,,,0.0,0.0,0.0,200
A,none,0.1,fast,0.05,False,0.1,none,0.0,0.0,0.005,3,D2,0.0,,,,0.0,0.0,0.0,0.0,,,,0.0,0.0,0.0,200
A,none,0.1,fast,0.05,False,0.1,none,0.0,0.0,0.005,3,D3,0.0,,,,0.0,0.0,0.0,0.0,,,,0.0,0.0,0.0,200
A,none,0.1,fast,0.05,False,0.1,none,0.0,0.0,0.005,3,D4,0.0,,,,0.0,0.0,0.0,0.0,,,,0.0,0.0,0.0,200
A,none,0.1,fast,0.05,False,0.1,none,0.0,0.0,0.005,3,D5,0.0,,,,0.011699999999999999,1.0,0.9883,0.0,,,,0.0015353420649097734,0.0,0.0015353420649097727,200
A,none,0.1,fast,0.05,False,0.1,none,0.0,0.0,0.005,3,D6,0.0,,,,0.011699999999999999,1.0,0.9883,0.0,,,,0.0015353420649097734,0.0,0.0015353420649097727,200
A,none,0.1,none,0.0,False,0.1,none,0.0,0.0,0.005,3,D0,0.0,,,,0.0,0.0,0.0,0.0,,,,0.0,0.0,0.0,200
A,none,0.1,none,0.0,False,0.1,none,0.0,0.0,0.005,3,D1,0.0,,,,0.0,0.0,0.0,0.0,,,,0.0,0.0,0.0,200
A,none,0.1,none,0.0,False,0.1,none,0.0,0.0,0.005,3,D2,0.0,,,,0.0,0.0,0.0,0.0,,,,0.0,0.0,0.0,200
A,none,0.1,none,0.0,False,0.1,none,0.0,0.0,0.005,3,D3,0.0,,,,0.0,0.0,0.0,0.0,,,,0.0,0.0,0.0,200
A,none,0.1,none,0.0,False,0.1,none,0.0,0.0,0.005,3,D4,0.0,,,,0.0,0.0,0.0,0.0,,,,0.0,0.0,0.0,200
A,none,0.1,none,0.0,False,0.1,none,0.0,0.0,0.005,3,D5,0.0,,,,0.0125,1.0,0.9875,0.0,,,,0.0016716248527230038,0.0,0.0016716248527230062,200
A,none,0.1,none,0.0,False,0.1,none,0.0,0.0,0.005,3,D6,0.0,,,,0.0125,1.0,0.9875,0.0,,,,0.0016716248527230038,0.0,0.0016716248527230062,200
A,none,0.1,slow,0.02,False,0.1,none,0.0,0.0,0.005,3,D0,0.0454,,,,0.0,0.0,0.0,0.002492582507719443,,,,0.0,0.0,0.0,200
A,none,0.1,slow,0.02,False,0.1,none,0.0,0.0,0.005,3,D1,0.0,,,,0.0,0.0,0.0,0.0,,,,0.0,0.0,0.0,200
A,none,0.1,slow,0.02,False,0.1,none,0.0,0.0,0.005,3,D2,0.0,,,,0.0,0.0,0.0,0.0,,,,0.0,0.0,0.0,200
A,none,0.1,slow,0.02,False,0.1,none,0.0,0.0,0.005,3,D3,0.0,,,,0.0,0.0,0.0,0.0,,,,0.0,0.0,0.0,200
A,none,0.1,slow,0.02,False,0.1,none,0.0,0.0,0.005,3,D4,0.0,,,,0.0,0.0,0.0,0.0,,,,0.0,0.0,0.0,200
A,none,0.1,slow,0.02,False,0.1,none,0.0,0.0,0.005,3,D5,0.0,,,,0.01195,1.0,0.9880499999999999,0.0,,,,0.0015073466921220406,0.0,0.001507346692122041,200
A,none,0.1,slow,0.02,False,0.1,none,0.0,0.0,0.005,3,D6,0.0,,,,0.01195,1.0,0.9880499999999999,0.0,,,,0.0015073466921220406,0.0,0.001507346692122041,200
A,none,0.1,step,0.15,False,0.1,none,0.0,0.0,0.005,3,D0,0.85455,,,,0.0,0.0,0.0,0.011458859177433032,,,,0.0,0.0,0.0,200
A,none,0.1,step,0.15,False,0.1,none,0.0,0.0,0.005,3,D1,0.6844499999999999,,,,0.0,0.0,0.0,0.006076488471206332,,,,0.0,0.0,0.0,200
A,none,0.1,step,0.15,False,0.1,none,0.0,0.0,0.005,3,D2,0.99155,,,,0.0,0.0,0.0,0.001121015682675323,,,,0.0,0.0,0.0,200
A,none,0.1,step,0.15,False,0.1,none,0.0,0.0,0.005,3,D3,0.99155,,,,0.0,0.0,0.0,0.001121015682675323,,,,0.0,0.0,0.0,200
A,none,0.1,step,0.15,False,0.1,none,0.0,0.0,0.005,3,D4,0.99605,,,,0.0,0.0,0.0,0.0008439719326586518,,,,0.0,0.0,0.0,200
A,none,0.1,step,0.15,False,0.1,none,0.0,0.0,0.005,3,D5,,,,,1.0,,0.0,,,,,0.0,,0.0,200
A,none,0.1,step,0.15,False,0.1,none,0.0,0.0,0.005,3,D6,,,,,1.0,,0.0,,,,,0.0,,0.0,200
A,premium,0.1,fast,0.05,False,0.1,none,0.0,0.0,0.005,3,D0,,0.28935,0.62945,0.34009999999999996,0.0,0.0,0.0,,0.003395039926201531,0.0021533457851333954,0.0029044592158753778,0.0,0.0,0.0,200
A,premium,0.1,fast,0.05,False,0.1,none,0.0,0.0,0.005,3,D1,,1.0,1.0,0.0,0.0,0.0,0.0,,0.0,0.0,0.0,0.0,0.0,0.0,200
A,premium,0.1,fast,0.05,False,0.1,none,0.0,0.0,0.005,3,D2,,1.0,1.0,0.0,0.0,0.0,0.0,,0.0,0.0,0.0,0.0,0.0,0.0,200
A,premium,0.1,fast,0.05,False,0.1,none,0.0,0.0,0.005,3,D3,,1.0,1.0,0.0,0.0,0.0,0.0,,0.0,0.0,0.0,0.0,0.0,0.0,200
A,premium,0.1,fast,0.05,False,0.1,none,0.0,0.0,0.005,3,D4,,1.0,1.0,0.0,0.0,0.0,0.0,,0.0,0.0,0.0,0.0,0.0,0.0,200
A,premium,0.1,fast,0.05,False,0.1,none,0.0,0.0,0.005,3,D5,,1.0,1.0,0.0,0.0123,1.0,0.9876999999999999,,0.0,0.0,0.0,0.0015074267334712886,0.0,0.0015074267334712886,200
A,premium,0.1,fast,0.05,False,0.1,none,0.0,0.0,0.005,3,D6,,1.0,1.0,0.0,0.0123,1.0,0.9876999999999999,,0.0,0.0,0.0,0.0015074267334712886,0.0,0.0015074267334712886,200
A,premium,0.1,none,0.0,False,0.1,none,0.0,0.0,0.005,3,D0,,1.0,1.0,0.0,0.0,0.0,0.0,,0.0,0.0,0.0,0.0,0.0,0.0,200
A,premium,0.1,none,0.0,False,0.1,none,0.0,0.0,0.005,3,D1,,1.0,1.0,0.0,0.0,0.0,0.0,,0.0,0.0,0.0,0.0,0.0,0.0,200
A,premium,0.1,none,0.0,False,0.1,none,0.0,0.0,0.005,3,D2,,1.0,1.0,0.0,0.0,0.0,0.0,,0.0,0.0,0.0,0.0,0.0,0.0,200
A,premium,0.1,none,0.0,False,0.1,none,0.0,0.0,0.005,3,D3,,1.0,1.0,0.0,0.0,0.0,0.0,,0.0,0.0,0.0,0.0,0.0,0.0,200
A,premium,0.1,none,0.0,False,0.1,none,0.0,0.0,0.005,3,D4,,1.0,1.0,0.0,0.0,0.0,0.0,,0.0,0.0,0.0,0.0,0.0,0.0,200
A,premium,0.1,none,0.0,False,0.1,none,0.0,0.0,0.005,3,D5,,1.0,1.0,0.0,0.013300000000000001,1.0,0.9867,,0.0,0.0,0.0,0.0016387349208165172,0.0,0.001638734920816519,200
A,premium,0.1,none,0.0,False,0.1,none,0.0,0.0,0.005,3,D6,,1.0,1.0,0.0,0.013300000000000001,1.0,0.9867,,0.0,0.0,0.0,0.0016387349208165172,0.0,0.001638734920816519,200
A,premium,0.1,slow,0.02,False,0.1,none,0.0,0.0,0.005,3,D0,,0.9071000000000001,0.9106000000000001,0.0034999999999999996,0.0,0.0,0.0,,0.0033043070294274442,0.00324253221972888,0.0008071726198223986,0.0,0.0,0.0,200
A,premium,0.1,slow,0.02,False,0.1,none,0.0,0.0,0.005,3,D1,,1.0,1.0,0.0,0.0,0.0,0.0,,0.0,0.0,0.0,0.0,0.0,0.0,200
A,premium,0.1,slow,0.02,False,0.1,none,0.0,0.0,0.005,3,D2,,1.0,1.0,0.0,0.0,0.0,0.0,,0.0,0.0,0.0,0.0,0.0,0.0,200
A,premium,0.1,slow,0.02,False,0.1,none,0.0,0.0,0.005,3,D3,,1.0,1.0,0.0,0.0,0.0,0.0,,0.0,0.0,0.0,0.0,0.0,0.0,200
A,premium,0.1,slow,0.02,False,0.1,none,0.0,0.0,0.005,3,D4,,1.0,1.0,0.0,0.0,0.0,0.0,,0.0,0.0,0.0,0.0,0.0,0.0,200
A,premium,0.1,slow,0.02,False,0.1,none,0.0,0.0,0.005,3,D5,,1.0,1.0,0.0,0.0118,1.0,0.9882,,0.0,0.0,0.0,0.0014084504761327588,0.0,0.001408450476132756,200
A,premium,0.1,slow,0.02,False,0.1,none,0.0,0.0,0.005,3,D6,,1.0,1.0,0.0,0.0118,1.0,0.9882,,0.0,0.0,0.0,0.0014084504761327588,0.0,0.001408450476132756,200
A,premium,0.1,step,0.15,False,0.1,none,0.0,0.0,0.005,3,D0,,0.1824,0.7241,0.6589499999999999,0.0,0.0,0.0,,0.008201316349790853,0.010119034331347778,0.01308877409141438,0.0,0.0,0.0,200
A,premium,0.1,step,0.15,False,0.1,none,0.0,0.0,0.005,3,D1,,0.23585,0.7153,0.5721,0.0,0.0,0.0,,0.005509270963817608,0.006215031161764881,0.006756277164654222,0.0,0.0,0.0,200
A,premium,0.1,step,0.15,False,0.1,none,0.0,0.0,0.005,3,D2,,0.018500000000000003,0.71735,0.9712999999999999,0.0,0.0,0.0,,0.0017833732364545877,0.006273104095659094,0.0023468645778428887,0.0,0.0,0.0,200
A,premium,0.1,step,0.15,False,0.1,none,0.0,0.0,0.005,3,D3,,0.01875,0.7192000000000001,0.9712999999999999,0.0,0.0,0.0,,0.0017951737363605207,0.006242073074012075,0.0023468645778428887,0.0,0.0,0.0,200
A,premium,0.1,step,0.15,False,0.1,none,0.0,0.0,0.005,3,D4,,0.014199999999999999,1.0,0.9858,0.0,0.0,0.0,,0.0016519344165501586,0.0,0.0016519344165501612,0.0,0.0,0.0,200
A,premium,0.1,step,0.15,False,0.1,none,0.0,0.0,0.005,3,D5,,,,,1.0,,0.0,,,,,0.0,,0.0,200
A,premium,0.1,step,0.15,False,0.1,none,0.0,0.0,0.005,3,D6,,,,,1.0,,0.0,,,,,0.0,,0.0,200
B,none,0.1,none,0.0,False,0.1,none,0.0,0.0,0.005,1,D5,0.0,,,,0.0,0.0,0.0,0.0,,,,0.0,0.0,0.0,200
B,none,0.1,none,0.0,False,0.1,none,0.0,0.0,0.005,1,D6,0.0,,,,0.0,0.0,0.0,0.0,,,,0.0,0.0,0.0,200
B,none,0.1,none,0.0,False,0.1,none,0.0,0.0,0.005,2,D5,0.0,,,,0.004,1.0,0.996,0.0,,,,0.0008451433823224418,0.0,0.0008451433823224357,200
B,none,0.1,none,0.0,False,0.1,none,0.0,0.0,0.005,2,D6,0.0,,,,0.004,1.0,0.996,0.0,,,,0.0008451433823224418,0.0,0.0008451433823224357,200
B,none,0.1,none,0.0,False,0.1,none,0.0,0.0,0.005,3,D5,0.0,,,,0.01295,1.0,0.98705,0.0,,,,0.0015706908443876588,0.0,0.0015706908443876668,200
B,none,0.1,none,0.0,False,0.1,none,0.0,0.0,0.005,3,D6,0.0,,,,0.01295,1.0,0.98705,0.0,,,,0.0015706908443876588,0.0,0.0015706908443876668,200
B,none,0.1,none,0.0,False,0.1,none,0.0,0.0,0.005,5,D5,0.0,,,,0.0381,0.9999484536082474,0.9619,0.0,,,,0.0026847934182153495,0.00010103092783505218,0.0026847934182153504,200
B,none,0.1,none,0.0,False,0.1,none,0.0,0.0,0.005,5,D6,0.0,,,,0.0381,0.9999484536082474,0.9619,0.0,,,,0.0026847934182153495,0.00010103092783505218,0.0026847934182153504,200
B,none,0.1,none,0.0,False,0.1,none,0.0,0.0,0.005,8,D5,0.0,,,,0.08995000000000002,0.9995004016983584,0.9100499999999999,0.0,,,,0.00429256550012511,0.0003544226482425846,0.004292565500125109,200
B,none,0.1,none,0.0,False,0.1,none,0.0,0.0,0.005,8,D6,0.0,,,,0.08995000000000002,0.9995004016983584,0.9100499999999999,0.0,,,,0.00429256550012511,0.0003544226482425846,0.004292565500125109,200
B,none,0.1,none,0.0,True,0.1,none,0.0,0.0,0.005,1,D5,0.98495,,,,0.0,0.0,0.0,0.0016614747883617797,,,,0.0,0.0,0.0,200
B,none,0.1,none,0.0,True,0.1,none,0.0,0.0,0.005,1,D6,0.98495,,,,0.0,0.0,0.0,0.0016614747883617797,,,,0.0,0.0,0.0,200
B,none,0.1,none,0.0,True,0.1,none,0.0,0.0,0.005,2,D5,0.9998958333333333,,,,0.49865000000000004,0.3423240106334077,0.50135,0.00020416666666666806,,,,0.006636768407476062,0.009524147441758177,0.0066367684074760645,200
B,none,0.1,none,0.0,True,0.1,none,0.0,0.0,0.005,2,D6,0.9998958333333333,,,,0.49865000000000004,0.3423240106334077,0.50135,0.00020416666666666806,,,,0.006636768407476062,0.009524147441758177,0.0066367684074760645,200
B,none,0.1,none,0.0,True,0.1,none,0.0,0.0,0.005,3,D5,1.0,,,,0.7509999999999999,0.7902920281771916,0.249,0.0,,,,0.00635340513299125,0.011221748152278273,0.006353405132991253,200
B,none,0.1,none,0.0,True,0.1,none,0.0,0.0,0.005,3,D6,1.0,,,,0.7509999999999999,0.7902920281771916,0.249,0.0,,,,0.00635340513299125,0.011221748152278273,0.006353405132991253,200
B,none,0.1,none,0.0,True,0.1,none,0.0,0.0,0.005,5,D5,1.0,,,,0.9370999999999999,0.9780623697290364,0.0629,0.0,,,,0.0033879604632437036,0.010210403226935408,0.0033879604632437066,200
B,none,0.1,none,0.0,True,0.1,none,0.0,0.0,0.005,5,D6,1.0,,,,0.9370999999999999,0.9780623697290364,0.0629,0.0,,,,0.0033879604632437036,0.010210403226935408,0.0033879604632437066,200
B,none,0.1,none,0.0,True,0.1,none,0.0,0.0,0.005,8,D5,1.0,,,,0.99375,1.0,0.00625,0.0,,,,0.001015669940057142,0.0,0.001015669940057142,200
B,none,0.1,none,0.0,True,0.1,none,0.0,0.0,0.005,8,D6,1.0,,,,0.99375,1.0,0.00625,0.0,,,,0.001015669940057142,0.0,0.001015669940057142,200
B,premium,0.1,none,0.0,False,0.1,none,0.0,0.0,0.005,1,D5,,1.0,1.0,0.0,0.0,0.0,0.0,,0.0,0.0,0.0,0.0,0.0,0.0,200
B,premium,0.1,none,0.0,False,0.1,none,0.0,0.0,0.005,1,D6,,1.0,1.0,0.0,0.0,0.0,0.0,,0.0,0.0,0.0,0.0,0.0,0.0,200
B,premium,0.1,none,0.0,False,0.1,none,0.0,0.0,0.005,2,D5,,1.0,1.0,0.0,0.0045000000000000005,1.0,0.9954999999999999,,0.0,0.0,0.0,0.0009898002437931936,0.0,0.0009898002437931928,200
B,premium,0.1,none,0.0,False,0.1,none,0.0,0.0,0.005,2,D6,,1.0,1.0,0.0,0.0045000000000000005,1.0,0.9954999999999999,,0.0,0.0,0.0,0.0009898002437931936,0.0,0.0009898002437931928,200
B,premium,0.1,none,0.0,False,0.1,none,0.0,0.0,0.005,3,D5,,1.0,1.0,0.0,0.0139,1.0,0.9861,,0.0,0.0,0.0,0.0016070942972962131,0.0,0.0016070942972962127,200
B,premium,0.1,none,0.0,False,0.1,none,0.0,0.0,0.005,3,D6,,1.0,1.0,0.0,0.0139,1.0,0.9861,,0.0,0.0,0.0,0.0016070942972962131,0.0,0.0016070942972962127,200
B,premium,0.1,none,0.0,False,0.1,none,0.0,0.0,0.005,5,D5,,1.0,1.0,0.0,0.038000000000000006,1.0,0.9620000000000001,,0.0,0.0,0.0,0.002573218073984677,0.0,0.0025732180739846747,200
B,premium,0.1,none,0.0,False,0.1,none,0.0,0.0,0.005,5,D6,,1.0,1.0,0.0,0.038000000000000006,1.0,0.9620000000000001,,0.0,0.0,0.0,0.002573218073984677,0.0,0.0025732180739846747,200
B,premium,0.1,none,0.0,False,0.1,none,0.0,0.0,0.005,8,D5,,1.0,1.0,0.0,0.08654999999999999,0.9994562235825921,0.91345,,0.0,0.0,0.0,0.0038318365881377233,0.00032942241522592136,0.0038318365881377233,200
B,premium,0.1,none,0.0,False,0.1,none,0.0,0.0,0.005,8,D6,,1.0,1.0,0.0,0.08654999999999999,0.9994562235825921,0.91345,,0.0,0.0,0.0,0.0038318365881377233,0.00032942241522592136,0.0038318365881377233,200
B,premium,0.1,none,0.0,True,0.1,none,0.0,0.0,0.005,1,D5,,0.0213,0.74355,0.97015,0.0,0.0,0.0,,0.00210397720529525,0.006186993585590721,0.002459986481149277,0.0,0.0,0.0,200
B,premium,0.1,none,0.0,True,0.1,none,0.0,0.0,0.005,1,D6,,0.0213,0.74355,0.97015,0.0,0.0,0.0,,0.00210397720529525,0.006186993585590721,0.002459986481149277,0.0,0.0,0.0,200
B,premium,0.1,none,0.0,True,0.1,none,0.0,0.0,0.005,2,D5,,0.0004859939927387959,0.8746804410313175,0.9993977269374937,0.4993,0.23818005250953506,0.5007,,0.00042232324106148545,0.006503054432268583,0.00047761561632847786,0.0065161714628041625,0.007715312286727674,0.006516171462804165,200
B,premium,0.1,none,0.0,True,0.1,none,0.0,0.0,0.005,2,D6,,0.0004859939927387959,0.8746804410313175,0.9993977269374937,0.4993,0.23818005250953506,0.5007,,0.00042232324106148545,0.006503054432268583,0.00047761561632847786,0.0065161714628041625,0.007715312286727674,0.006516171462804165,200
B,premium,0.1,none,0.0,True,0.1,none,0.0,0.0,0.005,3,D5,,0.0,0.9356170900497978,1.0,0.7491500000000001,0.5869702142177935,0.25085,,0.0,0.00752833554710023,0.0,0.006222586046454294,0.014614464701454527,0.006222586046454291,200
B,premium,0.1,none,0.0,True,0.1,none,0.0,0.0,0.005,3,D6,,0.0,0.9356170900497978,1.0,0.7491500000000001,0.5869702142177935,0.25085,,0.0,0.00752833554710023,0.0,0.006222586046454294,0.014614464701454527,0.006222586046454291,200
B,premium,0.1,none,0.0,True,0.1,none,0.0,0.0,0.005,5,D5,,0.0,0.9850163515992661,1.0,0.94095,0.5577062524298705,0.059050000000000005,,0.0,0.007204892201724431,0.0,0.0032244949400007496,0.03281044171338147,0.003224494940000751,200
B,premium,0.1,none,0.0,True,0.1,none,0.0,0.0,0.005,5,D6,,0.0,0.9850163515992661,1.0,0.94095,0.5577062524298705,0.059050000000000005,,0.0,0.007204892201724431,0.0,0.0032244949400007496,0.03281044171338147,0.003224494940000751,200
B,premium,0.1,none,0.0,True,0.1,none,0.0,0.0,0.005,8,D5,,0.0,1.0,1.0,0.9933,0.48809523809523814,0.0067,,0.0,0.0,0.0,0.0011382119805039904,0.09288120730938293,0.0011382119805039895,200
B,premium,0.1,none,0.0,True,0.1,none,0.0,0.0,0.005,8,D6,,0.0,1.0,1.0,0.9933,0.48809523809523814,0.0067,,0.0,0.0,0.0,0.0011382119805039904,0.09288120730938293,0.0011382119805039895,200
C,none,0.1,none,0.0,False,0.1,differential,0.5,0.0,0.005,3,D0,0.0,,,,0.0,0.0,0.0,0.0,,,,0.0,0.0,0.0,200
C,none,0.1,none,0.0,False,0.1,differential,0.5,0.0,0.005,3,D1,0.0,,,,0.0,0.0,0.0,0.0,,,,0.0,0.0,0.0,200
C,none,0.1,none,0.0,False,0.1,differential,0.5,0.0,0.005,3,D2,0.0,,,,0.0,0.0,0.0,0.0,,,,0.0,0.0,0.0,200
C,none,0.1,none,0.0,False,0.1,differential,0.5,0.0,0.005,3,D3,0.0,,,,0.0,0.0,0.0,0.0,,,,0.0,0.0,0.0,200
C,none,0.1,none,0.0,False,0.1,differential,0.5,0.0,0.005,3,D4,0.0,,,,0.0,0.0,0.0,0.0,,,,0.0,0.0,0.0,200
C,none,0.1,none,0.0,False,0.1,differential,0.5,0.0,0.005,3,D5,0.0,,,,0.14095000000000002,1.0,0.85905,0.0,,,,0.004621940767936296,0.0,0.004621940767936301,200
C,none,0.1,none,0.0,False,0.1,differential,0.5,0.0,0.005,3,D6,0.0,,,,0.14095000000000002,1.0,0.85905,0.0,,,,0.004621940767936296,0.0,0.004621940767936301,200
C,none,0.1,none,0.0,False,0.1,differential,0.5,0.1,0.005,3,D0,0.0,,,,0.0,0.0,0.0,0.0,,,,0.0,0.0,0.0,200
C,none,0.1,none,0.0,False,0.1,differential,0.5,0.1,0.005,3,D1,0.00205,,,,0.0,0.0,0.0,0.0005778580966807487,,,,0.0,0.0,0.0,200
C,none,0.1,none,0.0,False,0.1,differential,0.5,0.1,0.005,3,D2,0.0828,,,,0.0,0.0,0.0,0.006484469058826201,,,,0.0,0.0,0.0,200
C,none,0.1,none,0.0,False,0.1,differential,0.5,0.1,0.005,3,D3,0.0828,,,,0.0,0.0,0.0,0.006484469058826201,,,,0.0,0.0,0.0,200
C,none,0.1,none,0.0,False,0.1,differential,0.5,0.1,0.005,3,D4,0.09390000000000001,,,,0.0,0.0,0.0,0.006985540724674103,,,,0.0,0.0,0.0,200
C,none,0.1,none,0.0,False,0.1,differential,0.5,0.1,0.005,3,D5,0.1180384505160828,,,,0.18100000000000002,0.8819615494839173,0.8190000000000001,0.009146490513182389,,,,0.005612929796863901,0.009146490513182387,0.005612929796863898,200
C,none,0.1,none,0.0,False,0.1,differential,0.5,0.1,0.005,3,D6,0.0,,,,0.14385,1.0,0.85615,0.0,,,,0.004798340313988183,0.0,0.0047983403139881834,200
C,none,0.1,none,0.0,False,0.1,none,0.0,0.0,0.005,3,D0,0.0,,,,0.0,0.0,0.0,0.0,,,,0.0,0.0,0.0,200
C,none,0.1,none,0.0,False,0.1,none,0.0,0.0,0.005,3,D1,0.0,,,,0.0,0.0,0.0,0.0,,,,0.0,0.0,0.0,200
C,none,0.1,none,0.0,False,0.1,none,0.0,0.0,0.005,3,D2,0.0,,,,0.0,0.0,0.0,0.0,,,,0.0,0.0,0.0,200
C,none,0.1,none,0.0,False,0.1,none,0.0,0.0,0.005,3,D3,0.0,,,,0.0,0.0,0.0,0.0,,,,0.0,0.0,0.0,200
C,none,0.1,none,0.0,False,0.1,none,0.0,0.0,0.005,3,D4,0.0,,,,0.0,0.0,0.0,0.0,,,,0.0,0.0,0.0,200
C,none,0.1,none,0.0,False,0.1,none,0.0,0.0,0.005,3,D5,0.0,,,,0.01165,1.0,0.98835,0.0,,,,0.001401701127291854,0.0,0.0014017011272918554,200
C,none,0.1,none,0.0,False,0.1,none,0.0,0.0,0.005,3,D6,0.0,,,,0.01165,1.0,0.98835,0.0,,,,0.001401701127291854,0.0,0.0014017011272918554,200
C,none,0.1,none,0.0,False,0.1,none,0.0,0.1,0.005,3,D0,0.0,,,,0.0,0.0,0.0,0.0,,,,0.0,0.0,0.0,200
C,none,0.1,none,0.0,False,0.1,none,0.0,0.1,0.005,3,D1,0.00065,,,,0.0,0.0,0.0,0.0003696319233967351,,,,0.0,0.0,0.0,200
C,none,0.1,none,0.0,False,0.1,none,0.0,0.1,0.005,3,D2,0.086,,,,0.0,0.0,0.0,0.006059472090046313,,,,0.0,0.0,0.0,200
C,none,0.1,none,0.0,False,0.1,none,0.0,0.1,0.005,3,D3,0.086,,,,0.0,0.0,0.0,0.006059472090046313,,,,0.0,0.0,0.0,200
C,none,0.1,none,0.0,False,0.1,none,0.0,0.1,0.005,3,D4,0.09555,,,,0.0,0.0,0.0,0.006660026527479728,,,,0.0,0.0,0.0,200
C,none,0.1,none,0.0,False,0.1,none,0.0,0.1,0.005,3,D5,0.12330398267301661,,,,0.05995,0.8766960173269834,0.9400499999999999,0.008316093827698535,,,,0.004197061903655411,0.008316093827698538,0.004197061903655408,200
C,none,0.1,none,0.0,False,0.1,none,0.0,0.1,0.005,3,D6,0.0,,,,0.01295,1.0,0.98705,0.0,,,,0.0016250570550478537,0.0,0.0016250570550478565,200
C,none,0.1,none,0.0,False,0.1,uniform,0.2,0.0,0.005,3,D0,0.0,,,,0.0,0.0,0.0,0.0,,,,0.0,0.0,0.0,200
C,none,0.1,none,0.0,False,0.1,uniform,0.2,0.0,0.005,3,D1,0.0,,,,0.0,0.0,0.0,0.0,,,,0.0,0.0,0.0,200
C,none,0.1,none,0.0,False,0.1,uniform,0.2,0.0,0.005,3,D2,0.0,,,,0.0,0.0,0.0,0.0,,,,0.0,0.0,0.0,200
C,none,0.1,none,0.0,False,0.1,uniform,0.2,0.0,0.005,3,D3,0.0,,,,0.0,0.0,0.0,0.0,,,,0.0,0.0,0.0,200
C,none,0.1,none,0.0,False,0.1,uniform,0.2,0.0,0.005,3,D4,0.0,,,,0.0,0.0,0.0,0.0,,,,0.0,0.0,0.0,200
C,none,0.1,none,0.0,False,0.1,uniform,0.2,0.0,0.005,3,D5,0.0,,,,0.0631,1.0,0.9369,0.0,,,,0.003499513694858547,0.0,0.0034995136948585428,200
C,none,0.1,none,0.0,False,0.1,uniform,0.2,0.0,0.005,3,D6,0.0,,,,0.0631,1.0,0.9369,0.0,,,,0.003499513694858547,0.0,0.0034995136948585428,200
C,none,0.1,none,0.0,False,0.1,uniform,0.2,0.1,0.005,3,D0,0.0,,,,0.0,0.0,0.0,0.0,,,,0.0,0.0,0.0,200
C,none,0.1,none,0.0,False,0.1,uniform,0.2,0.1,0.005,3,D1,0.00235,,,,0.0,0.0,0.0,0.0007216562608291912,,,,0.0,0.0,0.0,200
C,none,0.1,none,0.0,False,0.1,uniform,0.2,0.1,0.005,3,D2,0.07635,,,,0.0,0.0,0.0,0.005540543069730411,,,,0.0,0.0,0.0,200
C,none,0.1,none,0.0,False,0.1,uniform,0.2,0.1,0.005,3,D3,0.07665,,,,0.0,0.0,0.0,0.005591008774414318,,,,0.0,0.0,0.0,200
C,none,0.1,none,0.0,False,0.1,uniform,0.2,0.1,0.005,3,D4,0.0708,,,,0.0,0.0,0.0,0.005193781639479364,,,,0.0,0.0,0.0,200
C,none,0.1,none,0.0,False,0.1,uniform,0.2,0.1,0.005,3,D5,0.12351197286947548,,,,0.09849999999999999,0.8764880271305244,0.9015000000000001,0.009056020507606144,,,,0.004454236535656575,0.009056020507606146,0.004454236535656574,200
C,none,0.1,none,0.0,False,0.1,uniform,0.2,0.1,0.005,3,D6,0.0,,,,0.07685,1.0,0.92315,0.0,,,,0.0038718804100265985,0.0,0.0038718804100265933,200
C,premium,0.1,none,0.0,False,0.1,differential,0.5,0.0,0.005,3,D0,,0.5074000000000001,0.5074000000000001,0.0,0.0,0.0,0.0,,0.006663710309990778,0.006663710309990778,0.0,0.0,0.0,0.0,200
C,premium,0.1,none,0.0,False,0.1,differential,0.5,0.0,0.005,3,D1,,0.5074000000000001,0.5074000000000001,0.0,0.0,0.0,0.0,,0.006663710309990778,0.006663710309990778,0.0,0.0,0.0,0.0,200
C,premium,0.1,none,0.0,False,0.1,differential,0.5,0.0,0.005,3,D2,,0.5074000000000001,0.5074000000000001,0.0,0.0,0.0,0.0,,0.006663710309990778,0.006663710309990778,0.0,0.0,0.0,0.0,200
C,premium,0.1,none,0.0,False,0.1,differential,0.5,0.0,0.005,3,D3,,0.5074000000000001,0.5074000000000001,0.0,0.0,0.0,0.0,,0.006663710309990778,0.006663710309990778,0.0,0.0,0.0,0.0,200
C,premium,0.1,none,0.0,False,0.1,differential,0.5,0.0,0.005,3,D4,,0.5074000000000001,0.5074000000000001,0.0,0.0,0.0,0.0,,0.006663710309990778,0.006663710309990778,0.0,0.0,0.0,0.0,200
C,premium,0.1,none,0.0,False,0.1,differential,0.5,0.0,0.005,3,D5,,1.0,1.0,0.0,0.13720000000000002,1.0,0.8628,,0.0,0.0,0.0,0.004885025964451656,0.0,0.004885025964451657,200
C,premium,0.1,none,0.0,False,0.1,differential,0.5,0.0,0.005,3,D6,,1.0,1.0,0.0,0.13720000000000002,1.0,0.8628,,0.0,0.0,0.0,0.004885025964451656,0.0,0.004885025964451657,200
C,premium,0.1,none,0.0,False,0.1,differential,0.5,0.1,0.005,3,D0,,0.48710000000000003,0.48710000000000003,0.0,0.0,0.0,0.0,,0.006620623535589378,0.006620623535589378,0.0,0.0,0.0,0.0,200
C,premium,0.1,none,0.0,False,0.1,differential,0.5,0.1,0.005,3,D1,,0.48700000000000004,0.48710000000000003,0.00245,0.0,0.0,0.0,,0.0066051662435950564,0.006620623535589378,0.0006442041406839699,0.0,0.0,0.0,200
C,premium,0.1,none,0.0,False,0.1,differential,0.5,0.1,0.005,3,D2,,0.45655,0.49695,0.08365,0.0,0.0,0.0,,0.007485536659143211,0.006682452652075896,0.005730656115802791,0.0,0.0,0.0,200
C,premium,0.1,none,0.0,False,0.1,differential,0.5,0.1,0.005,3,D3,,0.45655,0.4971,0.08365,0.0,0.0,0.0,,0.007485536659143211,0.006687351048075838,0.005730656115802791,0.0,0.0,0.0,200
C,premium,0.1,none,0.0,False,0.1,differential,0.5,0.1,0.005,3,D4,,0.45215000000000005,0.4971,0.09295,0.0,0.0,0.0,,0.007622614266857959,0.006687351048075838,0.006334839646489379,0.0,0.0,0.0,200
C,premium,0.1,none,0.0,False,0.1,differential,0.5,0.1,0.005,3,D5,,0.8784040484564426,1.0,0.12159595154355742,0.17645,0.9915899030901172,0.82355,,0.008562221847710508,0.0,0.008562221847710503,0.005738600601568434,0.0014362039598325676,0.0057386006015684365,200
C,premium,0.1,none,0.0,False,0.1,differential,0.5,0.1,0.005,3,D6,,1.0,1.0,0.0,0.1419,1.0,0.8581,,0.0,0.0,0.0,0.0045051728080231015,0.0,0.004505172808023099,200
C,premium,0.1,none,0.0,False,0.1,none,0.0,0.0,0.005,3,D0,,1.0,1.0,0.0,0.0,0.0,0.0,,0.0,0.0,0.0,0.0,0.0,0.0,200
C,premium,0.1,none,0.0,False,0.1,none,0.0,0.0,0.005,3,D1,,1.0,1.0,0.0,0.0,0.0,0.0,,0.0,0.0,0.0,0.0,0.0,0.0,200
C,premium,0.1,none,0.0,False,0.1,none,0.0,0.0,0.005,3,D2,,1.0,1.0,0.0,0.0,0.0,0.0,,0.0,0.0,0.0,0.0,0.0,0.0,200
C,premium,0.1,none,0.0,False,0.1,none,0.0,0.0,0.005,3,D3,,1.0,1.0,0.0,0.0,0.0,0.0,,0.0,0.0,0.0,0.0,0.0,0.0,200
C,premium,0.1,none,0.0,False,0.1,none,0.0,0.0,0.005,3,D4,,1.0,1.0,0.0,0.0,0.0,0.0,,0.0,0.0,0.0,0.0,0.0,0.0,200
C,premium,0.1,none,0.0,False,0.1,none,0.0,0.0,0.005,3,D5,,1.0,1.0,0.0,0.011899999999999999,1.0,0.9881,,0.0,0.0,0.0,0.0015244905632331523,0.0,0.0015244905632331527,200
C,premium,0.1,none,0.0,False,0.1,none,0.0,0.0,0.005,3,D6,,1.0,1.0,0.0,0.011899999999999999,1.0,0.9881,,0.0,0.0,0.0,0.0015244905632331523,0.0,0.0015244905632331527,200
C,premium,0.1,none,0.0,False,0.1,none,0.0,0.1,0.005,3,D0,,0.9797499999999999,0.9797499999999999,0.0,0.0,0.0,0.0,,0.0021137148464874128,0.0021137148464874128,0.0,0.0,0.0,0.0,200
C,premium,0.1,none,0.0,False,0.1,none,0.0,0.1,0.005,3,D1,,0.9795999999999999,0.9798,0.00065,0.0,0.0,0.0,,0.0021246575177753233,0.0021206559334177007,0.0003425247964467749,0.0,0.0,0.0,200
C,premium,0.1,none,0.0,False,0.1,none,0.0,0.1,0.005,3,D2,,0.9231999999999999,0.9995499999999999,0.0768,0.0,0.0,0.0,,0.006101949773242634,0.00028802983513804344,0.006101949773242637,0.0,0.0,0.0,200
C,premium,0.1,none,0.0,False,0.1,none,0.0,0.1,0.005,3,D3,,0.9231999999999999,1.0,0.0768,0.0,0.0,0.0,,0.006101949773242634,0.0,0.006101949773242637,0.0,0.0,0.0,200
C,premium,0.1,none,0.0,False,0.1,none,0.0,0.1,0.005,3,D4,,0.9123,1.0,0.0877,0.0,0.0,0.0,,0.006684636978751233,0.0,0.006684636978751235,0.0,0.0,0.0,200
C,premium,0.1,none,0.0,False,0.1,none,0.0,0.1,0.005,3,D5,,0.8804648564924078,1.0,0.11953514350759226,0.06315,0.9887961234018481,0.9368500000000001,,0.008794902455007969,0.0,0.008794902455007966,0.004858114345605184,0.0017589418677742858,0.004858114345605181,200
C,premium,0.1,none,0.0,False,0.1,none,0.0,0.1,0.005,3,D6,,1.0,1.0,0.0,0.0125,1.0,0.9875,,0.0,0.0,0.0,0.0017171970851203213,0.0,0.0017171970851203248,200
C,premium,0.1,none,0.0,False,0.1,uniform,0.2,0.0,0.005,3,D0,,0.7989,0.7989,0.0,0.0,0.0,0.0,,0.0060607303671186856,0.0060607303671186856,0.0,0.0,0.0,0.0,200
C,premium,0.1,none,0.0,False,0.1,uniform,0.2,0.0,0.005,3,D1,,0.7979999999999999,0.7979999999999999,0.0,0.0,0.0,0.0,,0.00609916511297873,0.00609916511297873,0.0,0.0,0.0,0.0,200
C,premium,0.1,none,0.0,False,0.1,uniform,0.2,0.0,0.005,3,D2,,0.7977,0.7979999999999999,0.00030000000000000003,0.0,0.0,0.0,,0.006086031595622434,0.00609916511297873,0.00027473748091056934,0.0,0.0,0.0,200
C,premium,0.1,none,0.0,False,0.1,uniform,0.2,0.0,0.005,3,D3,,0.7922499999999999,0.7989,0.0066500000000000005,0.0,0.0,0.0,,0.0061266987594007115,0.0060607303671186856,0.0011564467412408725,0.0,0.0,0.0,200
C,premium,0.1,none,0.0,False,0.1,uniform,0.2,0.0,0.005,3,D4,,0.6403,0.6403,0.0,0.0,0.0,0.0,,0.007270078782760042,0.007270078782760042,0.0,0.0,0.0,0.0,200
C,premium,0.1,none,0.0,False,0.1,uniform,0.2,0.0,0.005,3,D5,,1.0,1.0,0.0,0.0613,1.0,0.9387000000000001,,0.0,0.0,0.0,0.003205618572469408,0.0,0.0032056185724694073,200
C,premium,0.1,none,0.0,False,0.1,uniform,0.2,0.0,0.005,3,D6,,1.0,1.0,0.0,0.0613,1.0,0.9387000000000001,,0.0,0.0,0.0,0.003205618572469408,0.0,0.0032056185724694073,200
C,premium,0.1,none,0.0,False,0.1,uniform,0.2,0.1,0.005,3,D0,,0.78,0.78,0.0,0.0,0.0,0.0,,0.005548938057668259,0.005548938057668259,0.0,0.0,0.0,0.0,200
C,premium,0.1,none,0.0,False,0.1,uniform,0.2,0.1,0.005,3,D1,,0.77885,0.7794500000000001,0.00265,0.0,0.0,0.0,,0.005596013065670574,0.005583960660975021,0.0007149374080906921,0.0,0.0,0.0,200
C,premium,0.1,none,0.0,False,0.1,uniform,0.2,0.1,0.005,3,D2,,0.7428,0.79645,0.0685,0.0,0.0,0.0,,0.006722720889699647,0.005487538297161492,0.005359132720654334,0.0,0.0,0.0,200
C,premium,0.1,none,0.0,False,0.1,uniform,0.2,0.1,0.005,3,D3,,0.736,0.7972,0.07595,0.0,0.0,0.0,,0.0067867953376224525,0.005427871611521018,0.0054010198906592165,0.0,0.0,0.0,200
C,premium,0.1,none,0.0,False,0.1,uniform,0.2,0.1,0.005,3,D4,,0.58865,0.64005,0.06535,0.0,0.0,0.0,,0.007468858322609693,0.006446156735863363,0.005215142141666798,0.0,0.0,0.0,200
C,premium,0.1,none,0.0,False,0.1,uniform,0.2,0.1,0.005,3,D5,,0.8815657560110253,1.0,0.11843424398897474,0.1005,0.9948943824828116,0.8995000000000001,,0.008431385187464837,0.0,0.008431385187464837,0.004980108977435702,0.0011009249579375694,0.004980108977435703,200
C,premium,0.1,none,0.0,False,0.1,uniform,0.2,0.1,0.005,3,D6,,1.0,1.0,0.0,0.0794,1.0,0.9206,,0.0,0.0,0.0,0.003958323222485543,0.0,0.003958323222485542,200
D,premium,0.02,none,0.0,False,0.1,none,0.0,0.0,0.005,3,D0,,0.0,0.0,0.0,0.0,0.0,0.0,,0.0,0.0,0.0,0.0,0.0,0.0,200
D,premium,0.02,none,0.0,False,0.1,none,0.0,0.0,0.005,3,D1,,0.0,0.0,0.0,0.0,0.0,0.0,,0.0,0.0,0.0,0.0,0.0,0.0,200
D,premium,0.02,none,0.0,False,0.1,none,0.0,0.0,0.005,3,D2,,0.0,0.0,0.0,0.0,0.0,0.0,,0.0,0.0,0.0,0.0,0.0,0.0,200
D,premium,0.02,none,0.0,False,0.1,none,0.0,0.0,0.005,3,D3,,0.0,0.0,0.0,0.0,0.0,0.0,,0.0,0.0,0.0,0.0,0.0,0.0,200
D,premium,0.02,none,0.0,False,0.1,none,0.0,0.0,0.005,3,D4,,5e-05,5e-05,0.0,0.0,0.0,0.0,,9.799999999999997e-05,9.799999999999997e-05,0.0,0.0,0.0,0.0,200
D,premium,0.02,none,0.0,False,0.1,none,0.0,0.0,0.005,3,D5,,0.0,0.0,0.0,0.01435,0.0,0.98565,,0.0,0.0,0.0,0.0017441211001705992,0.0,0.0017441211001706029,200
D,premium,0.02,none,0.0,False,0.1,none,0.0,0.0,0.005,3,D6,,0.0,0.0,0.0,0.01435,0.0,0.98565,,0.0,0.0,0.0,0.0017441211001705992,0.0,0.0017441211001706029,200
D,premium,0.04,none,0.0,False,0.1,none,0.0,0.0,0.005,3,D0,,0.01875,0.01875,0.0,0.0,0.0,0.0,,0.0018058952873698747,0.0018058952873698747,0.0,0.0,0.0,0.0,200
D,premium,0.04,none,0.0,False,0.1,none,0.0,0.0,0.005,3,D1,,0.02785,0.02785,0.0,0.0,0.0,0.0,,0.0023614915268016057,0.0023614915268016057,0.0,0.0,0.0,0.0,200
D,premium,0.04,none,0.0,False,0.1,none,0.0,0.0,0.005,3,D2,,0.02785,0.02785,0.0,0.0,0.0,0.0,,0.0023614915268016057,0.0023614915268016057,0.0,0.0,0.0,0.0,200
D,premium,0.04,none,0.0,False,0.1,none,0.0,0.0,0.005,3,D3,,0.03915,0.03915,0.0,0.0,0.0,0.0,,0.0027501050176384555,0.0027501050176384555,0.0,0.0,0.0,0.0,200
D,premium,0.04,none,0.0,False,0.1,none,0.0,0.0,0.005,3,D4,,0.08800000000000001,0.08800000000000001,0.0,0.0,0.0,0.0,,0.0037178001816873863,0.0037178001816873863,0.0,0.0,0.0,0.0,200
D,premium,0.04,none,0.0,False,0.1,none,0.0,0.0,0.005,3,D5,,0.14001869962749403,0.14001869962749403,0.0,0.0104,0.031473886552022934,0.9895999999999999,,0.005231353603987179,0.005231353603987179,0.0,0.0014089986180006128,0.002429642662020467,0.0014089986180006173,200
D,premium,0.04,none,0.0,False,0.1,none,0.0,0.0,0.005,3,D6,,0.14001869962749403,0.14001869962749403,0.0,0.0104,0.031473886552022934,0.9895999999999999,,0.005231353603987179,0.005231353603987179,0.0,0.0014089986180006128,0.002429642662020467,0.0014089986180006173,200
D,premium,0.06,none,0.0,False,0.1,none,0.0,0.0,0.005,3,D0,,0.9497,0.9497,0.0,0.0,0.0,0.0,,0.0031680616079487454,0.0031680616079487454,0.0,0.0,0.0,0.0,200
D,premium,0.06,none,0.0,False,0.1,none,0.0,0.0,0.005,3,D1,,0.9337000000000001,0.9337000000000001,0.0,0.0,0.0,0.0,,0.0035376991188166827,0.0035376991188166827,0.0,0.0,0.0,0.0,200
D,premium,0.06,none,0.0,False,0.1,none,0.0,0.0,0.005,3,D2,,0.9337000000000001,0.9337000000000001,0.0,0.0,0.0,0.0,,0.0035376991188166827,0.0035376991188166827,0.0,0.0,0.0,0.0,200
D,premium,0.06,none,0.0,False,0.1,none,0.0,0.0,0.005,3,D3,,0.9553499999999999,0.9553499999999999,0.0,0.0,0.0,0.0,,0.002870656083852398,0.002870656083852398,0.0,0.0,0.0,0.0,200
D,premium,0.06,none,0.0,False,0.1,none,0.0,0.0,0.005,3,D4,,0.91095,0.91095,0.0,0.0,0.0,0.0,,0.004155692200866386,0.004155692200866386,0.0,0.0,0.0,0.0,200
D,premium,0.06,none,0.0,False,0.1,none,0.0,0.0,0.005,3,D5,,0.9975724154946265,0.9975724154946265,0.0,0.01135,0.9998494949494949,0.9886499999999999,,0.0006470047411315878,0.0006470047411315878,0.0,0.0014943556854286272,0.00016945643189638824,0.0014943556854286276,200
D,premium,0.06,none,0.0,False,0.1,none,0.0,0.0,0.005,3,D6,,0.9975724154946265,0.9975724154946265,0.0,0.01135,0.9998494949494949,0.9886499999999999,,0.0006470047411315878,0.0006470047411315878,0.0,0.0014943556854286272,0.00016945643189638824,0.0014943556854286276,200
D,premium,0.08,none,0.0,False,0.1,none,0.0,0.0,0.005,3,D0,,1.0,1.0,0.0,0.0,0.0,0.0,,0.0,0.0,0.0,0.0,0.0,0.0,200
D,premium,0.08,none,0.0,False,0.1,none,0.0,0.0,0.005,3,D1,,1.0,1.0,0.0,0.0,0.0,0.0,,0.0,0.0,0.0,0.0,0.0,0.0,200
D,premium,0.08,none,0.0,False,0.1,none,0.0,0.0,0.005,3,D2,,1.0,1.0,0.0,0.0,0.0,0.0,,0.0,0.0,0.0,0.0,0.0,0.0,200
D,premium,0.08,none,0.0,False,0.1,none,0.0,0.0,0.005,3,D3,,1.0,1.0,0.0,0.0,0.0,0.0,,0.0,0.0,0.0,0.0,0.0,0.0,200
D,premium,0.08,none,0.0,False,0.1,none,0.0,0.0,0.005,3,D4,,1.0,1.0,0.0,0.0,0.0,0.0,,0.0,0.0,0.0,0.0,0.0,0.0,200
D,premium,0.08,none,0.0,False,0.1,none,0.0,0.0,0.005,3,D5,,1.0,1.0,0.0,0.01295,1.0,0.98705,,0.0,0.0,0.0,0.0014492355912669875,0.0,0.0014492355912669912,200
D,premium,0.08,none,0.0,False,0.1,none,0.0,0.0,0.005,3,D6,,1.0,1.0,0.0,0.01295,1.0,0.98705,,0.0,0.0,0.0,0.0014492355912669875,0.0,0.0014492355912669912,200
D,premium,0.1,none,0.0,False,0.1,none,0.0,0.0,0.005,3,D0,,1.0,1.0,0.0,0.0,0.0,0.0,,0.0,0.0,0.0,0.0,0.0,0.0,200
D,premium,0.1,none,0.0,False,0.1,none,0.0,0.0,0.005,3,D1,,1.0,1.0,0.0,0.0,0.0,0.0,,0.0,0.0,0.0,0.0,0.0,0.0,200
D,premium,0.1,none,0.0,False,0.1,none,0.0,0.0,0.005,3,D2,,1.0,1.0,0.0,0.0,0.0,0.0,,0.0,0.0,0.0,0.0,0.0,0.0,200
D,premium,0.1,none,0.0,False,0.1,none,0.0,0.0,0.005,3,D3,,1.0,1.0,0.0,0.0,0.0,0.0,,0.0,0.0,0.0,0.0,0.0,0.0,200
D,premium,0.1,none,0.0,False,0.1,none,0.0,0.0,0.005,3,D4,,1.0,1.0,0.0,0.0,0.0,0.0,,0.0,0.0,0.0,0.0,0.0,0.0,200
D,premium,0.1,none,0.0,False,0.1,none,0.0,0.0,0.005,3,D5,,1.0,1.0,0.0,0.01365,1.0,0.9863500000000001,,0.0,0.0,0.0,0.0014517642775560844,0.0,0.001451764277556086,200
D,premium,0.1,none,0.0,False,0.1,none,0.0,0.0,0.005,3,D6,,1.0,1.0,0.0,0.01365,1.0,0.9863500000000001,,0.0,0.0,0.0,0.0014517642775560844,0.0,0.001451764277556086,200
D,premium,0.15,none,0.0,False,0.1,none,0.0,0.0,0.005,3,D0,,1.0,1.0,0.0,0.0,0.0,0.0,,0.0,0.0,0.0,0.0,0.0,0.0,200
D,premium,0.15,none,0.0,False,0.1,none,0.0,0.0,0.005,3,D1,,1.0,1.0,0.0,0.0,0.0,0.0,,0.0,0.0,0.0,0.0,0.0,0.0,200
D,premium,0.15,none,0.0,False,0.1,none,0.0,0.0,0.005,3,D2,,1.0,1.0,0.0,0.0,0.0,0.0,,0.0,0.0,0.0,0.0,0.0,0.0,200
D,premium,0.15,none,0.0,False,0.1,none,0.0,0.0,0.005,3,D3,,1.0,1.0,0.0,0.0,0.0,0.0,,0.0,0.0,0.0,0.0,0.0,0.0,200
D,premium,0.15,none,0.0,False,0.1,none,0.0,0.0,0.005,3,D4,,1.0,1.0,0.0,0.0,0.0,0.0,,0.0,0.0,0.0,0.0,0.0,0.0,200
D,premium,0.15,none,0.0,False,0.1,none,0.0,0.0,0.005,3,D5,,1.0,1.0,0.0,0.0134,1.0,0.9865999999999999,,0.0,0.0,0.0,0.0016465500769119942,0.0,0.0016465500769119947,200
D,premium,0.15,none,0.0,False,0.1,none,0.0,0.0,0.005,3,D6,,1.0,1.0,0.0,0.0134,1.0,0.9865999999999999,,0.0,0.0,0.0,0.0016465500769119942,0.0,0.0016465500769119947,200
